Player_ID,Avg_Session_Duration_Mins,Total_Screen_Clicks,Levels_Completed,In_App_Expense_INR
VBIT_PLY_1000,9.44,129,3,0.0
VBIT_PLY_1001,10.36,131,1,0.0
VBIT_PLY_1002,4.06,38,1,0.02
VBIT_PLY_1003,12.86,112,2,0.0
VBIT_PLY_1004,27.8,131,3,0.83
VBIT_PLY_1005,106.65,545,35,10.6
VBIT_PLY_1006,18.9,86,4,0.0
VBIT_PLY_1007,4.99,42,1,0.0
VBIT_PLY_1008,96.46,640,32,6.09
VBIT_PLY_1009,6.76,28,1,0.0
VBIT_PLY_1010,80.11,507,16,193.74
VBIT_PLY_1011,6.18,137,3,1.78
VBIT_PLY_1012,55.48,417,17,119.67
VBIT_PLY_1013,20.5,86,3,0.0
VBIT_PLY_1014,99.16,597,17,6.81
VBIT_PLY_1015,35.32,549,14,193.53
VBIT_PLY_1016,11.93,129,4,0.0
VBIT_PLY_1017,110.85,817,27,6.79
VBIT_PLY_1018,122.46,973,16,0.0
VBIT_PLY_1019,19.46,75,4,0.0
VBIT_PLY_1020,7.74,32,1,0.72
VBIT_PLY_1021,13.72,79,2,0.0
VBIT_PLY_1022,61.69,786,33,0.47
VBIT_PLY_1023,10.91,129,4,0.0
VBIT_PLY_1024,14.91,69,1,0.0
VBIT_PLY_1025,14.58,163,1,2.13
VBIT_PLY_1026,112.86,962,31,0.99
VBIT_PLY_1027,117.68,938,30,15.95
VBIT_PLY_1028,45.42,280,10,248.26
VBIT_PLY_1029,19.37,73,4,0.14
VBIT_PLY_1030,14.28,138,3,0.0
VBIT_PLY_1031,4.36,24,1,0.56
VBIT_PLY_1032,15.07,131,1,0.0
VBIT_PLY_1033,4.59,33,0,0.78
VBIT_PLY_1034,19.08,134,4,0.5
VBIT_PLY_1035,96.93,883,17,9.24
VBIT_PLY_1036,10.07,87,2,2.1
VBIT_PLY_1037,21.63,90,1,1.57
VBIT_PLY_1038,21.72,97,3,1.64
VBIT_PLY_1039,24.48,78,2,0.0
VBIT_PLY_1040,89.77,912,22,11.05
VBIT_PLY_1041,100.76,810,19,18.6
VBIT_PLY_1042,28.92,119,4,0.0
VBIT_PLY_1043,5.96,28,0,0.74
VBIT_PLY_1044,71.01,760,15,0.37
VBIT_PLY_1045,79.74,875,22,6.93
VBIT_PLY_1046,18.18,87,3,0.12
VBIT_PLY_1047,2.71,43,0,1.07
VBIT_PLY_1048,17.97,446,17,192.18
VBIT_PLY_1049,5.51,37,0,3.85
VBIT_PLY_1050,14.17,99,2,0.0
VBIT_PLY_1051,18.79,124,2,0.0
VBIT_PLY_1052,15.75,124,1,0.0
VBIT_PLY_1053,83.3,742,19,8.4
VBIT_PLY_1054,82.17,915,29,1.17
VBIT_PLY_1055,17.11,116,3,0.0
VBIT_PLY_1056,74.56,1099,15,0.0
VBIT_PLY_1057,13.28,128,4,4.49
VBIT_PLY_1058,63.46,1126,26,0.0
VBIT_PLY_1059,16.14,99,3,0.0
VBIT_PLY_1060,17.22,143,4,0.0
VBIT_PLY_1061,111.94,786,36,5.7
VBIT_PLY_1062,87.43,780,33,10.82
VBIT_PLY_1063,90.2,819,34,5.3
VBIT_PLY_1064,121.72,664,15,7.41
VBIT_PLY_1065,99.34,925,25,10.3
VBIT_PLY_1066,12.57,126,4,3.11
VBIT_PLY_1067,10.09,119,2,0.0
VBIT_PLY_1068,107.99,896,18,7.24
VBIT_PLY_1069,88.43,1101,17,0.0
VBIT_PLY_1070,2.0,11,0,1.04
VBIT_PLY_1071,94.58,964,37,0.0
VBIT_PLY_1072,64.58,402,13,156.41
VBIT_PLY_1073,13.51,131,3,0.0
VBIT_PLY_1074,8.82,45,0,0.2
VBIT_PLY_1075,73.91,798,35,6.25
VBIT_PLY_1076,91.52,748,19,6.62
VBIT_PLY_1077,70.13,409,13,183.31
VBIT_PLY_1078,12.83,126,2,0.0
VBIT_PLY_1079,91.58,893,27,4.06
VBIT_PLY_1080,34.22,378,19,98.52
VBIT_PLY_1081,8.14,29,0,0.0
VBIT_PLY_1082,121.8,920,22,6.61
VBIT_PLY_1083,32.59,449,19,183.55
VBIT_PLY_1084,13.28,133,2,0.0
VBIT_PLY_1085,18.0,145,1,0.0
VBIT_PLY_1086,119.02,993,15,11.0
VBIT_PLY_1087,8.63,62,1,0.0
VBIT_PLY_1088,8.95,167,4,0.0
VBIT_PLY_1089,5.3,10,1,0.36
VBIT_PLY_1090,77.07,789,17,8.71
VBIT_PLY_1091,119.53,1026,29,2.65
VBIT_PLY_1092,6.43,160,2,0.52
VBIT_PLY_1093,21.16,130,1,3.82
VBIT_PLY_1094,8.03,34,0,0.0
VBIT_PLY_1095,21.78,100,1,0.0
VBIT_PLY_1096,104.23,681,16,0.86
VBIT_PLY_1097,83.92,1082,32,5.58
VBIT_PLY_1098,9.12,56,1,0.41
VBIT_PLY_1099,116.84,1059,28,3.05
VBIT_PLY_1100,38.5,365,19,182.16
VBIT_PLY_1101,94.81,719,16,5.58
VBIT_PLY_1102,22.51,122,4,0.44
VBIT_PLY_1103,52.32,820,31,12.1
VBIT_PLY_1104,84.37,600,16,0.0
VBIT_PLY_1105,21.03,65,3,1.83
VBIT_PLY_1106,16.83,91,4,0.0
VBIT_PLY_1107,8.35,37,0,0.02
VBIT_PLY_1108,10.92,103,1,3.37
VBIT_PLY_1109,26.91,83,2,0.0
VBIT_PLY_1110,34.5,421,18,214.05
VBIT_PLY_1111,35.69,346,15,156.97
VBIT_PLY_1112,59.7,1055,38,3.74
VBIT_PLY_1113,15.64,132,3,0.0
VBIT_PLY_1114,70.55,861,20,0.0
VBIT_PLY_1115,16.02,114,1,0.0
VBIT_PLY_1116,46.13,312,16,188.73
VBIT_PLY_1117,108.21,848,29,12.4
VBIT_PLY_1118,98.03,1097,22,0.0
VBIT_PLY_1119,14.05,161,2,0.0
VBIT_PLY_1120,4.6,119,1,0.0
VBIT_PLY_1121,13.81,100,3,0.0
VBIT_PLY_1122,18.99,124,3,0.0
VBIT_PLY_1123,18.78,135,3,0.42
VBIT_PLY_1124,114.84,837,19,2.18
VBIT_PLY_1125,69.96,605,29,5.24
VBIT_PLY_1126,41.8,413,18,172.08
VBIT_PLY_1127,99.54,737,19,0.0
VBIT_PLY_1128,11.99,142,1,4.78
VBIT_PLY_1129,35.93,344,12,240.2
VBIT_PLY_1130,46.3,384,13,201.28
VBIT_PLY_1131,55.45,355,10,198.35
VBIT_PLY_1132,45.84,904,27,13.55
VBIT_PLY_1133,106.5,932,20,6.48
VBIT_PLY_1134,129.96,613,31,3.8
VBIT_PLY_1135,106.46,885,33,8.85
VBIT_PLY_1136,114.29,717,24,6.69
VBIT_PLY_1137,81.69,994,18,5.41
VBIT_PLY_1138,6.66,45,0,1.51
VBIT_PLY_1139,5.8,45,0,0.0
VBIT_PLY_1140,26.29,91,3,0.0
VBIT_PLY_1141,16.89,148,3,1.95
VBIT_PLY_1142,124.12,927,19,0.0
VBIT_PLY_1143,76.39,972,27,0.0
VBIT_PLY_1144,13.66,106,4,3.56
VBIT_PLY_1145,6.18,18,1,0.47
VBIT_PLY_1146,11.86,105,4,0.11
VBIT_PLY_1147,111.88,761,23,4.33
VBIT_PLY_1148,17.38,159,3,1.7
VBIT_PLY_1149,2.0,10,1,0.0
VBIT_PLY_1150,4.11,31,0,0.0
VBIT_PLY_1151,84.55,970,31,4.21
VBIT_PLY_1152,31.4,327,9,139.31
VBIT_PLY_1153,6.03,25,1,0.0
VBIT_PLY_1154,78.43,713,27,0.0
VBIT_PLY_1155,16.33,355,8,95.04
VBIT_PLY_1156,27.85,86,2,2.08
VBIT_PLY_1157,69.99,619,20,18.98
VBIT_PLY_1158,40.52,328,14,174.0
VBIT_PLY_1159,17.64,86,3,3.5
VBIT_PLY_1160,7.44,10,0,0.72
VBIT_PLY_1161,9.35,122,3,0.0
VBIT_PLY_1162,8.43,36,0,0.81
VBIT_PLY_1163,3.12,24,0,1.16
VBIT_PLY_1164,6.53,92,2,0.65
VBIT_PLY_1165,64.98,663,16,0.92
VBIT_PLY_1166,20.93,99,1,0.0
VBIT_PLY_1167,3.91,21,1,0.4
VBIT_PLY_1168,89.6,900,31,16.39
VBIT_PLY_1169,3.24,320,16,244.83
VBIT_PLY_1170,8.56,123,3,1.9
VBIT_PLY_1171,100.79,848,16,11.8
VBIT_PLY_1172,110.58,920,37,0.51
VBIT_PLY_1173,31.36,471,12,126.69
VBIT_PLY_1174,14.21,144,4,0.0
VBIT_PLY_1175,22.27,124,1,0.0
VBIT_PLY_1176,10.38,79,1,1.5
VBIT_PLY_1177,8.0,37,1,0.0
VBIT_PLY_1178,54.11,248,18,194.98
VBIT_PLY_1179,69.02,659,15,0.0
VBIT_PLY_1180,77.46,1121,21,9.93
VBIT_PLY_1181,3.81,39,0,1.01
VBIT_PLY_1182,20.32,123,4,2.57
VBIT_PLY_1183,55.34,403,9,180.45
VBIT_PLY_1184,98.59,881,37,0.0
VBIT_PLY_1185,28.03,130,3,0.0
VBIT_PLY_1186,7.26,28,0,1.36
VBIT_PLY_1187,35.75,658,26,12.07
VBIT_PLY_1188,16.11,105,4,0.0
VBIT_PLY_1189,64.32,876,36,11.94
VBIT_PLY_1190,19.34,128,2,0.0
VBIT_PLY_1191,109.92,784,17,0.0
VBIT_PLY_1192,27.99,100,4,0.0
VBIT_PLY_1193,18.62,357,15,168.73
VBIT_PLY_1194,9.98,96,1,0.92
VBIT_PLY_1195,13.75,112,4,0.0
VBIT_PLY_1196,14.17,95,4,0.49
VBIT_PLY_1197,6.86,27,0,0.0
VBIT_PLY_1198,95.78,1218,24,4.36
VBIT_PLY_1199,12.49,135,3,2.39
VBIT_PLY_1200,4.25,12,1,0.17
VBIT_PLY_1201,4.99,63,0,0.0
VBIT_PLY_1202,120.95,1119,16,0.0
VBIT_PLY_1203,10.61,101,2,0.0
VBIT_PLY_1204,6.09,46,0,0.0
VBIT_PLY_1205,19.87,121,1,0.0
VBIT_PLY_1206,12.41,126,1,1.81
VBIT_PLY_1207,90.72,931,27,15.08
VBIT_PLY_1208,16.2,129,4,0.0
VBIT_PLY_1209,12.63,84,1,0.0
VBIT_PLY_1210,117.64,947,21,10.2
VBIT_PLY_1211,14.53,103,3,1.28
VBIT_PLY_1212,17.09,132,1,0.0
VBIT_PLY_1213,11.92,139,4,0.0
VBIT_PLY_1214,18.23,184,3,0.0
VBIT_PLY_1215,11.65,155,4,0.0
VBIT_PLY_1216,93.51,911,32,8.76
VBIT_PLY_1217,109.54,762,17,14.55
VBIT_PLY_1218,77.42,824,15,4.34
VBIT_PLY_1219,14.47,344,9,255.25
VBIT_PLY_1220,2.1,10,0,1.3
VBIT_PLY_1221,15.54,133,4,1.16
VBIT_PLY_1222,85.55,677,35,0.0
VBIT_PLY_1223,12.17,148,3,1.72
VBIT_PLY_1224,8.74,163,3,5.03
VBIT_PLY_1225,6.72,115,2,0.0
VBIT_PLY_1226,30.83,432,12,173.53
VBIT_PLY_1227,8.29,169,4,3.0
VBIT_PLY_1228,89.2,635,36,0.0
VBIT_PLY_1229,53.47,355,15,104.42
VBIT_PLY_1230,71.26,1092,29,0.0
VBIT_PLY_1231,105.21,905,22,7.39
VBIT_PLY_1232,35.69,443,19,276.08
VBIT_PLY_1233,44.66,377,19,181.08
VBIT_PLY_1234,20.12,122,2,0.0
VBIT_PLY_1235,84.38,998,16,8.12
VBIT_PLY_1236,16.76,123,1,3.62
VBIT_PLY_1237,5.72,43,1,0.64
VBIT_PLY_1238,132.32,819,30,11.59
VBIT_PLY_1239,93.95,910,24,15.91
VBIT_PLY_1240,103.01,1085,26,0.0
VBIT_PLY_1241,37.06,397,9,265.69
VBIT_PLY_1242,8.44,155,4,0.08
VBIT_PLY_1243,15.6,104,3,0.42
VBIT_PLY_1244,13.32,130,1,1.87
VBIT_PLY_1245,107.46,666,34,0.0
VBIT_PLY_1246,109.05,1291,23,13.42
VBIT_PLY_1247,80.82,605,33,2.14
VBIT_PLY_1248,8.61,73,2,2.75
VBIT_PLY_1249,18.89,134,3,0.52
VBIT_PLY_1250,94.61,501,19,4.87
VBIT_PLY_1251,20.86,115,4,2.12
VBIT_PLY_1252,76.29,891,31,6.87
VBIT_PLY_1253,14.57,81,4,2.32
VBIT_PLY_1254,61.87,767,25,4.25
VBIT_PLY_1255,19.98,178,1,0.0
VBIT_PLY_1256,102.98,641,15,1.29
VBIT_PLY_1257,8.48,70,4,2.41
VBIT_PLY_1258,97.64,914,29,3.48
VBIT_PLY_1259,16.9,117,3,0.0
VBIT_PLY_1260,15.75,105,3,1.47
VBIT_PLY_1261,14.6,102,2,0.02
VBIT_PLY_1262,24.86,113,2,0.28
VBIT_PLY_1263,5.91,44,1,0.0
VBIT_PLY_1264,9.67,122,2,2.22
VBIT_PLY_1265,9.8,128,4,0.0
VBIT_PLY_1266,14.49,119,2,1.93
VBIT_PLY_1267,96.15,1015,33,10.94
VBIT_PLY_1268,6.01,44,0,0.3
VBIT_PLY_1269,3.49,45,0,0.0
VBIT_PLY_1270,11.98,110,2,0.0
VBIT_PLY_1271,71.33,939,23,8.51
VBIT_PLY_1272,13.4,148,2,0.0
VBIT_PLY_1273,15.08,81,1,0.0
VBIT_PLY_1274,26.06,153,4,0.0
VBIT_PLY_1275,12.0,169,2,2.02
VBIT_PLY_1276,92.13,403,15,80.02
VBIT_PLY_1277,26.45,85,2,0.0
VBIT_PLY_1278,87.0,604,25,8.4
VBIT_PLY_1279,53.63,475,16,191.25
VBIT_PLY_1280,65.65,777,27,1.23
VBIT_PLY_1281,84.39,719,29,0.08
VBIT_PLY_1282,73.42,874,32,6.58
VBIT_PLY_1283,44.0,294,19,182.53
VBIT_PLY_1284,24.23,126,4,0.0
VBIT_PLY_1285,6.06,17,1,0.0
VBIT_PLY_1286,92.5,785,27,11.03
VBIT_PLY_1287,5.77,19,1,0.0
VBIT_PLY_1288,18.7,112,4,0.0
VBIT_PLY_1289,34.61,480,19,157.58
VBIT_PLY_1290,101.73,952,24,16.11
VBIT_PLY_1291,8.81,139,3,0.83
VBIT_PLY_1292,79.05,709,17,9.82
VBIT_PLY_1293,26.05,163,2,0.0
VBIT_PLY_1294,18.33,73,2,0.0
VBIT_PLY_1295,16.3,456,14,245.14
VBIT_PLY_1296,57.14,269,11,156.73
VBIT_PLY_1297,9.93,102,1,0.0
VBIT_PLY_1298,37.19,420,12,205.25
VBIT_PLY_1299,58.87,813,36,0.0
VBIT_PLY_1300,123.45,912,34,5.48
VBIT_PLY_1301,3.64,38,0,0.0
VBIT_PLY_1302,7.22,65,3,0.0
VBIT_PLY_1303,114.72,769,22,0.0
VBIT_PLY_1304,19.33,142,1,0.15
VBIT_PLY_1305,114.54,878,15,3.45
VBIT_PLY_1306,65.24,853,28,3.55
VBIT_PLY_1307,12.96,73,1,0.0
VBIT_PLY_1308,73.04,609,37,7.25
VBIT_PLY_1309,79.39,550,26,11.09
VBIT_PLY_1310,5.16,28,0,0.37
VBIT_PLY_1311,75.03,363,16,162.0
VBIT_PLY_1312,18.56,123,2,0.0
VBIT_PLY_1313,106.36,752,17,7.65
VBIT_PLY_1314,6.02,44,1,0.51
VBIT_PLY_1315,91.08,859,32,0.0
VBIT_PLY_1316,15.25,113,3,0.0
VBIT_PLY_1317,22.45,103,1,0.0
VBIT_PLY_1318,33.45,343,19,240.85
VBIT_PLY_1319,21.74,98,1,0.0
VBIT_PLY_1320,38.92,990,19,4.36
VBIT_PLY_1321,19.95,84,2,0.0
VBIT_PLY_1322,17.09,116,3,0.0
VBIT_PLY_1323,2.04,145,2,0.0
VBIT_PLY_1324,7.34,150,2,0.0
VBIT_PLY_1325,89.38,1029,37,4.21
VBIT_PLY_1326,18.66,82,3,0.0
VBIT_PLY_1327,57.73,892,23,6.04
VBIT_PLY_1328,17.33,124,2,0.0
VBIT_PLY_1329,38.9,615,9,155.77
VBIT_PLY_1330,7.45,111,1,0.06
VBIT_PLY_1331,11.23,122,1,3.44
VBIT_PLY_1332,20.47,137,3,0.0
VBIT_PLY_1333,21.49,156,3,0.0
VBIT_PLY_1334,28.85,222,12,227.43
VBIT_PLY_1335,18.59,138,2,2.62
VBIT_PLY_1336,85.77,832,39,2.08
VBIT_PLY_1337,5.08,20,1,0.93
VBIT_PLY_1338,19.16,119,4,1.08
VBIT_PLY_1339,20.36,136,3,0.0
VBIT_PLY_1340,19.3,56,2,1.16
VBIT_PLY_1341,15.74,113,2,0.0
VBIT_PLY_1342,18.73,109,4,0.0
VBIT_PLY_1343,49.24,521,15,174.4
VBIT_PLY_1344,112.5,730,39,4.53
VBIT_PLY_1345,43.71,347,10,203.45
VBIT_PLY_1346,10.13,66,1,0.48
VBIT_PLY_1347,28.01,174,3,1.25
VBIT_PLY_1348,86.43,1002,22,3.75
VBIT_PLY_1349,14.9,113,2,0.0
VBIT_PLY_1350,112.0,721,28,0.0
VBIT_PLY_1351,17.22,128,2,2.91
VBIT_PLY_1352,49.69,431,16,175.16
VBIT_PLY_1353,17.1,106,4,0.0
VBIT_PLY_1354,84.25,708,18,7.95
VBIT_PLY_1355,96.77,637,22,0.0
VBIT_PLY_1356,12.92,84,1,0.0
VBIT_PLY_1357,141.16,868,37,1.56
VBIT_PLY_1358,44.7,333,9,167.75
VBIT_PLY_1359,15.33,90,4,0.77
VBIT_PLY_1360,18.48,148,3,0.16
VBIT_PLY_1361,21.53,130,1,0.0
VBIT_PLY_1362,17.4,79,3,1.55
VBIT_PLY_1363,19.41,133,4,0.0
VBIT_PLY_1364,41.6,304,19,227.95
VBIT_PLY_1365,51.25,776,32,0.0
VBIT_PLY_1366,18.59,170,2,0.28
VBIT_PLY_1367,6.16,150,1,0.0
VBIT_PLY_1368,35.72,730,19,9.55
VBIT_PLY_1369,22.14,111,4,0.0
VBIT_PLY_1370,88.0,819,21,6.78
VBIT_PLY_1371,13.89,147,2,0.0
VBIT_PLY_1372,34.23,351,11,83.03
VBIT_PLY_1373,19.42,127,3,0.17
VBIT_PLY_1374,7.32,24,1,0.88
VBIT_PLY_1375,3.16,41,1,0.0
VBIT_PLY_1376,8.65,87,1,0.0
VBIT_PLY_1377,20.82,107,2,0.0
VBIT_PLY_1378,17.35,177,4,0.0
VBIT_PLY_1379,47.28,317,13,183.45
VBIT_PLY_1380,28.57,378,13,197.46
VBIT_PLY_1381,108.08,1115,36,0.0
VBIT_PLY_1382,13.49,126,3,0.0
VBIT_PLY_1383,44.12,335,11,148.03
VBIT_PLY_1384,105.91,971,29,6.62
VBIT_PLY_1385,4.5,24,0,0.51
VBIT_PLY_1386,97.34,1088,16,4.69
VBIT_PLY_1387,3.53,27,1,3.19
VBIT_PLY_1388,3.98,88,3,0.23
VBIT_PLY_1389,7.81,130,1,2.74
VBIT_PLY_1390,9.29,136,2,0.0
VBIT_PLY_1391,92.35,753,17,10.15
VBIT_PLY_1392,27.72,125,3,0.0
VBIT_PLY_1393,98.47,739,23,6.02
VBIT_PLY_1394,52.82,400,14,194.7
VBIT_PLY_1395,11.92,94,1,0.73
VBIT_PLY_1396,125.86,883,16,2.38
VBIT_PLY_1397,2.49,11,1,0.0
VBIT_PLY_1398,69.87,1020,25,6.38
VBIT_PLY_1399,18.66,142,4,0.0
VBIT_PLY_1400,17.73,94,4,0.49
VBIT_PLY_1401,80.82,887,32,7.11
VBIT_PLY_1402,63.26,552,13,211.83
VBIT_PLY_1403,54.28,351,10,191.89
VBIT_PLY_1404,81.96,928,22,9.34
VBIT_PLY_1405,13.11,102,1,0.0
VBIT_PLY_1406,17.57,125,4,1.37
VBIT_PLY_1407,12.03,128,2,1.49
VBIT_PLY_1408,70.67,872,38,0.0
VBIT_PLY_1409,12.1,112,3,0.0
VBIT_PLY_1410,12.32,117,4,0.78
VBIT_PLY_1411,3.61,38,1,0.88
VBIT_PLY_1412,19.44,104,4,0.0
VBIT_PLY_1413,25.46,68,2,1.06
VBIT_PLY_1414,68.93,689,23,7.14
VBIT_PLY_1415,107.98,834,31,4.16
VBIT_PLY_1416,6.87,105,2,0.14
VBIT_PLY_1417,20.81,130,1,2.33
VBIT_PLY_1418,37.3,402,10,206.13
VBIT_PLY_1419,143.75,751,29,0.0
VBIT_PLY_1420,10.07,105,2,3.22
VBIT_PLY_1421,116.3,697,21,8.91
VBIT_PLY_1422,18.64,99,3,0.85
VBIT_PLY_1423,92.87,856,37,13.48
VBIT_PLY_1424,92.12,779,22,4.07
VBIT_PLY_1425,58.14,1194,28,2.47
VBIT_PLY_1426,72.11,749,27,10.8
VBIT_PLY_1427,15.61,128,1,0.58
VBIT_PLY_1428,16.6,160,2,0.0
VBIT_PLY_1429,14.42,102,1,1.71
VBIT_PLY_1430,15.52,55,1,0.0
VBIT_PLY_1431,3.82,24,0,0.0
VBIT_PLY_1432,95.34,926,26,0.0
VBIT_PLY_1433,60.44,481,8,201.41
VBIT_PLY_1434,75.83,901,15,0.0
VBIT_PLY_1435,11.4,165,1,0.0
VBIT_PLY_1436,112.69,728,16,11.13
VBIT_PLY_1437,20.79,117,2,0.04
VBIT_PLY_1438,17.26,87,1,0.0
VBIT_PLY_1439,15.54,69,1,0.0
VBIT_PLY_1440,18.99,114,2,0.0
VBIT_PLY_1441,55.99,496,13,197.09
VBIT_PLY_1442,3.52,27,0,1.0
VBIT_PLY_1443,76.59,929,26,7.44
VBIT_PLY_1444,2.0,19,1,0.0
VBIT_PLY_1445,83.09,659,21,5.22
VBIT_PLY_1446,13.46,143,4,0.46
VBIT_PLY_1447,4.42,133,1,2.65
VBIT_PLY_1448,57.42,1040,34,12.57
VBIT_PLY_1449,25.18,86,2,0.2
VBIT_PLY_1450,14.56,108,2,0.0
VBIT_PLY_1451,10.5,87,2,0.0
VBIT_PLY_1452,14.53,126,3,0.25
VBIT_PLY_1453,89.72,880,34,1.11
VBIT_PLY_1454,14.91,131,1,3.15
VBIT_PLY_1455,48.76,219,10,158.29
VBIT_PLY_1456,25.17,122,1,0.12
VBIT_PLY_1457,17.47,87,3,0.48
VBIT_PLY_1458,12.39,136,1,2.2
VBIT_PLY_1459,129.17,782,19,0.0
VBIT_PLY_1460,59.51,886,35,0.0
VBIT_PLY_1461,112.84,748,38,5.38
VBIT_PLY_1462,14.38,84,4,0.43
VBIT_PLY_1463,83.07,837,25,0.0
VBIT_PLY_1464,12.02,161,3,0.0
VBIT_PLY_1465,55.12,389,19,218.21
VBIT_PLY_1466,51.22,549,10,172.11
VBIT_PLY_1467,4.7,47,1,0.0
VBIT_PLY_1468,9.49,94,1,4.67
VBIT_PLY_1469,5.38,29,0,0.0
VBIT_PLY_1470,15.4,152,4,0.0
VBIT_PLY_1471,24.31,310,16,152.64
VBIT_PLY_1472,63.14,256,12,198.67
VBIT_PLY_1473,5.97,20,0,0.31
VBIT_PLY_1474,86.74,738,20,7.35
VBIT_PLY_1475,52.88,1108,27,8.36
VBIT_PLY_1476,2.0,33,1,0.0
VBIT_PLY_1477,6.91,149,3,2.47
VBIT_PLY_1478,19.36,101,2,0.0
VBIT_PLY_1479,11.51,154,1,0.56
VBIT_PLY_1480,91.2,891,35,12.41
VBIT_PLY_1481,12.61,140,2,0.81
VBIT_PLY_1482,77.02,878,32,9.04
VBIT_PLY_1483,30.4,423,11,234.79
VBIT_PLY_1484,11.31,146,3,1.11
VBIT_PLY_1485,19.06,93,1,0.0
VBIT_PLY_1486,83.44,873,32,0.0
VBIT_PLY_1487,4.14,27,0,0.15
VBIT_PLY_1488,60.41,333,10,214.04
VBIT_PLY_1489,14.31,118,1,3.96
VBIT_PLY_1490,5.92,43,0,0.52
VBIT_PLY_1491,73.67,863,23,5.99
VBIT_PLY_1492,18.08,156,2,0.0
VBIT_PLY_1493,10.15,117,4,2.22
VBIT_PLY_1494,7.98,77,4,0.0
VBIT_PLY_1495,96.55,1093,23,1.89
VBIT_PLY_1496,110.78,838,15,8.24
VBIT_PLY_1497,18.78,140,4,0.0
VBIT_PLY_1498,61.13,263,12,166.26
VBIT_PLY_1499,129.29,1000,36,7.59
VBIT_PLY_1500,104.82,773,28,6.46
VBIT_PLY_1501,42.25,417,10,183.29
VBIT_PLY_1502,105.58,488,36,9.57
VBIT_PLY_1503,3.1,28,0,0.0
VBIT_PLY_1504,18.58,141,4,0.0
VBIT_PLY_1505,15.68,86,3,0.0
VBIT_PLY_1506,19.9,97,2,1.26
VBIT_PLY_1507,65.47,1132,27,8.93
VBIT_PLY_1508,5.35,33,0,0.0
VBIT_PLY_1509,11.67,128,1,1.13
VBIT_PLY_1510,23.36,116,3,1.7
VBIT_PLY_1511,8.55,32,1,0.0
VBIT_PLY_1512,64.8,757,26,9.16
VBIT_PLY_1513,48.78,286,12,142.42
VBIT_PLY_1514,112.46,927,29,3.83
VBIT_PLY_1515,99.33,899,32,8.1
VBIT_PLY_1516,89.9,965,23,0.0
VBIT_PLY_1517,4.69,10,0,0.18
VBIT_PLY_1518,5.22,36,1,0.0
VBIT_PLY_1519,117.46,765,20,4.58
VBIT_PLY_1520,98.96,905,26,0.0
VBIT_PLY_1521,99.24,742,36,5.79
VBIT_PLY_1522,10.89,159,1,0.05
VBIT_PLY_1523,6.14,20,1,0.49
VBIT_PLY_1524,29.14,325,18,141.74
VBIT_PLY_1525,99.45,849,23,12.81
VBIT_PLY_1526,36.76,526,19,205.15
VBIT_PLY_1527,8.65,146,4,0.0
VBIT_PLY_1528,32.33,318,10,319.84
VBIT_PLY_1529,60.73,740,17,6.21
VBIT_PLY_1530,6.48,107,1,0.0
VBIT_PLY_1531,105.81,1056,32,0.0
VBIT_PLY_1532,3.39,41,0,0.21
VBIT_PLY_1533,14.05,123,3,1.17
VBIT_PLY_1534,53.51,735,33,0.51
VBIT_PLY_1535,2.34,51,1,0.0
VBIT_PLY_1536,2.16,33,1,0.0
VBIT_PLY_1537,2.95,10,1,0.2
VBIT_PLY_1538,35.21,521,11,108.86
VBIT_PLY_1539,96.39,953,19,0.0
VBIT_PLY_1540,36.27,341,12,138.8
VBIT_PLY_1541,11.25,140,3,0.0
VBIT_PLY_1542,101.82,1059,19,9.32
VBIT_PLY_1543,17.9,143,2,0.0
VBIT_PLY_1544,104.11,737,36,13.69
VBIT_PLY_1545,19.89,174,3,0.77
VBIT_PLY_1546,6.26,123,4,0.0
VBIT_PLY_1547,56.89,361,8,190.01
VBIT_PLY_1548,26.91,381,14,212.64
VBIT_PLY_1549,88.52,949,31,7.11
VBIT_PLY_1550,18.21,86,1,0.88
VBIT_PLY_1551,56.68,463,8,183.52
VBIT_PLY_1552,21.46,18,4,0.0
VBIT_PLY_1553,22.22,74,3,0.0
VBIT_PLY_1554,96.13,1126,22,5.04
VBIT_PLY_1555,35.1,376,10,190.76
VBIT_PLY_1556,5.84,25,0,0.0
VBIT_PLY_1557,10.69,131,1,1.62
VBIT_PLY_1558,17.13,114,2,0.14
VBIT_PLY_1559,11.8,89,1,0.0
VBIT_PLY_1560,7.02,27,0,0.0
VBIT_PLY_1561,55.85,785,29,4.18
VBIT_PLY_1562,12.21,130,3,3.04
VBIT_PLY_1563,12.53,91,2,0.0
VBIT_PLY_1564,4.95,25,1,0.0
VBIT_PLY_1565,31.14,335,18,248.06
VBIT_PLY_1566,93.47,744,16,0.0
VBIT_PLY_1567,14.36,126,3,0.14
VBIT_PLY_1568,87.67,741,34,13.37
VBIT_PLY_1569,116.81,1028,30,10.07
VBIT_PLY_1570,57.04,875,16,3.93
VBIT_PLY_1571,95.54,1007,15,10.85
VBIT_PLY_1572,7.34,135,4,1.52
VBIT_PLY_1573,66.89,464,17,135.29
VBIT_PLY_1574,10.68,115,3,0.52
VBIT_PLY_1575,95.94,889,23,0.0
VBIT_PLY_1576,12.49,127,1,0.0
VBIT_PLY_1577,5.61,167,2,3.27
VBIT_PLY_1578,5.82,36,0,0.0
VBIT_PLY_1579,44.18,433,14,80.46
VBIT_PLY_1580,33.55,403,17,124.96
VBIT_PLY_1581,39.91,485,8,164.45
VBIT_PLY_1582,7.21,39,0,1.0
VBIT_PLY_1583,85.26,849,32,11.36
VBIT_PLY_1584,79.01,978,25,0.0
VBIT_PLY_1585,98.54,729,38,0.0
VBIT_PLY_1586,5.5,24,1,0.0
VBIT_PLY_1587,4.69,30,0,0.0
VBIT_PLY_1588,18.95,130,1,0.0
VBIT_PLY_1589,64.02,586,16,100.57
VBIT_PLY_1590,20.24,105,1,0.0
VBIT_PLY_1591,53.54,456,8,229.3
VBIT_PLY_1592,85.4,722,33,2.63
VBIT_PLY_1593,110.66,892,26,6.09
VBIT_PLY_1594,4.22,53,1,0.0
VBIT_PLY_1595,53.28,734,30,12.39
VBIT_PLY_1596,19.88,147,2,0.75
VBIT_PLY_1597,5.81,167,3,0.0
VBIT_PLY_1598,11.1,111,4,0.0
VBIT_PLY_1599,13.31,104,3,0.0
VBIT_PLY_1600,20.11,182,3,1.07
VBIT_PLY_1601,97.33,1073,32,2.41
VBIT_PLY_1602,26.18,161,1,0.0
VBIT_PLY_1603,91.71,799,38,1.05
VBIT_PLY_1604,80.54,657,31,10.46
VBIT_PLY_1605,6.43,38,0,1.33
VBIT_PLY_1606,28.1,86,1,1.45
VBIT_PLY_1607,3.12,43,1,1.07
VBIT_PLY_1608,50.42,433,10,164.49
VBIT_PLY_1609,76.53,1049,23,5.22
VBIT_PLY_1610,3.4,29,1,0.0
VBIT_PLY_1611,11.63,79,4,0.0
VBIT_PLY_1612,5.38,21,0,0.79
VBIT_PLY_1613,2.0,28,0,0.0
VBIT_PLY_1614,11.88,114,2,0.0
VBIT_PLY_1615,8.01,137,2,0.0
VBIT_PLY_1616,13.96,183,4,0.0
VBIT_PLY_1617,16.24,123,1,0.0
VBIT_PLY_1618,104.09,968,21,10.63
VBIT_PLY_1619,18.87,140,3,0.0
VBIT_PLY_1620,15.75,116,1,0.0
VBIT_PLY_1621,76.21,1070,24,3.21
VBIT_PLY_1622,69.35,909,24,13.2
VBIT_PLY_1623,11.72,82,1,0.71
VBIT_PLY_1624,19.25,115,4,0.76
VBIT_PLY_1625,122.18,825,37,0.0
VBIT_PLY_1626,76.84,978,20,15.94
VBIT_PLY_1627,52.98,415,19,118.75
VBIT_PLY_1628,107.97,657,21,9.24
VBIT_PLY_1629,26.51,471,13,210.38
VBIT_PLY_1630,56.09,481,8,161.6
VBIT_PLY_1631,14.67,130,4,0.0
VBIT_PLY_1632,4.29,51,1,0.0
VBIT_PLY_1633,6.46,22,1,0.64
VBIT_PLY_1634,54.04,504,10,176.11
VBIT_PLY_1635,12.48,118,3,0.0
VBIT_PLY_1636,69.37,1017,37,6.93
VBIT_PLY_1637,111.82,995,24,6.65
VBIT_PLY_1638,15.97,101,3,3.54
VBIT_PLY_1639,12.54,134,4,0.0
VBIT_PLY_1640,21.95,74,3,1.25
VBIT_PLY_1641,107.7,840,32,1.73
VBIT_PLY_1642,16.01,139,3,2.23
VBIT_PLY_1643,111.55,738,21,2.57
VBIT_PLY_1644,101.26,718,36,0.0
VBIT_PLY_1645,9.47,32,0,0.0
VBIT_PLY_1646,106.93,924,36,7.95
VBIT_PLY_1647,95.34,1027,16,6.5
VBIT_PLY_1648,8.51,53,1,1.63
VBIT_PLY_1649,18.78,124,4,0.0
VBIT_PLY_1650,5.66,41,0,0.44
VBIT_PLY_1651,90.03,1031,23,2.48
VBIT_PLY_1652,5.58,31,1,0.0
VBIT_PLY_1653,72.72,1095,24,0.0
VBIT_PLY_1654,4.59,18,1,0.0
VBIT_PLY_1655,83.97,833,34,1.14
VBIT_PLY_1656,2.0,23,1,0.54
VBIT_PLY_1657,8.91,77,1,0.0
VBIT_PLY_1658,17.98,103,3,1.7
VBIT_PLY_1659,22.5,165,4,0.0
VBIT_PLY_1660,7.87,143,2,0.0
VBIT_PLY_1661,7.07,53,0,0.0
VBIT_PLY_1662,124.78,801,30,6.09
VBIT_PLY_1663,90.42,876,23,0.0
VBIT_PLY_1664,5.03,24,0,0.0
VBIT_PLY_1665,124.08,786,17,10.18
VBIT_PLY_1666,50.6,329,18,160.34
VBIT_PLY_1667,16.72,177,2,3.25
VBIT_PLY_1668,5.79,28,1,1.48
VBIT_PLY_1669,9.16,81,2,0.58
VBIT_PLY_1670,2.0,26,1,0.38
VBIT_PLY_1671,4.62,13,1,0.22
VBIT_PLY_1672,21.19,93,1,0.0
VBIT_PLY_1673,99.68,747,34,1.62
VBIT_PLY_1674,16.48,131,4,0.0
VBIT_PLY_1675,11.96,78,4,0.5
VBIT_PLY_1676,71.27,749,29,4.65
VBIT_PLY_1677,107.8,758,16,7.29
VBIT_PLY_1678,73.31,411,9,226.87
VBIT_PLY_1679,13.17,124,4,0.0
VBIT_PLY_1680,120.69,823,35,0.0
VBIT_PLY_1681,70.87,244,19,167.94
VBIT_PLY_1682,48.74,310,15,188.99
VBIT_PLY_1683,99.71,1136,15,9.32
VBIT_PLY_1684,18.43,175,3,0.0
VBIT_PLY_1685,18.16,107,4,3.13
VBIT_PLY_1686,34.46,279,8,130.68
VBIT_PLY_1687,9.98,156,2,3.41
VBIT_PLY_1688,107.38,781,37,5.8
VBIT_PLY_1689,27.67,112,1,1.3
VBIT_PLY_1690,19.96,151,3,2.78
VBIT_PLY_1691,13.48,107,4,0.0
VBIT_PLY_1692,19.98,106,3,0.0
VBIT_PLY_1693,13.91,143,3,0.0
VBIT_PLY_1694,14.72,134,2,0.0
VBIT_PLY_1695,19.27,100,3,0.0
VBIT_PLY_1696,10.26,172,2,0.0
VBIT_PLY_1697,59.31,295,8,137.48
VBIT_PLY_1698,92.95,861,35,11.12
VBIT_PLY_1699,13.71,126,2,3.43
VBIT_PLY_1700,105.52,1055,38,5.61
VBIT_PLY_1701,2.98,48,1,0.0
VBIT_PLY_1702,127.93,882,22,0.0
VBIT_PLY_1703,10.2,134,1,1.01
VBIT_PLY_1704,13.96,100,3,0.3
VBIT_PLY_1705,34.81,407,19,171.51
VBIT_PLY_1706,16.46,131,4,0.67
VBIT_PLY_1707,42.67,393,9,198.03
VBIT_PLY_1708,15.65,110,3,0.0
VBIT_PLY_1709,94.43,890,36,7.22
VBIT_PLY_1710,64.26,640,29,5.4
VBIT_PLY_1711,11.84,106,1,2.08
VBIT_PLY_1712,36.67,269,13,210.02
VBIT_PLY_1713,18.49,104,3,0.45
VBIT_PLY_1714,89.46,772,34,8.82
VBIT_PLY_1715,65.18,930,28,3.94
VBIT_PLY_1716,10.19,113,3,2.06
VBIT_PLY_1717,21.73,132,4,0.34
VBIT_PLY_1718,21.58,537,18,177.44
VBIT_PLY_1719,52.95,633,12,258.21
VBIT_PLY_1720,8.99,108,3,0.0
VBIT_PLY_1721,79.24,768,22,6.41
VBIT_PLY_1722,97.07,811,38,0.0
VBIT_PLY_1723,11.68,104,2,0.0
VBIT_PLY_1724,75.34,1122,16,3.51
VBIT_PLY_1725,49.11,520,19,185.61
VBIT_PLY_1726,14.07,129,2,0.61
VBIT_PLY_1727,6.94,115,4,0.41
VBIT_PLY_1728,22.54,99,1,0.54
VBIT_PLY_1729,96.04,803,37,0.16
VBIT_PLY_1730,23.25,152,1,0.0
VBIT_PLY_1731,11.88,116,3,0.0
VBIT_PLY_1732,83.44,799,30,11.95
VBIT_PLY_1733,40.95,292,16,231.31
VBIT_PLY_1734,12.7,91,2,0.0
VBIT_PLY_1735,3.99,27,1,0.74
VBIT_PLY_1736,14.21,119,3,0.15
VBIT_PLY_1737,12.94,99,4,2.01
VBIT_PLY_1738,109.16,555,36,0.0
VBIT_PLY_1739,50.11,447,14,169.29
VBIT_PLY_1740,88.02,759,25,2.05
VBIT_PLY_1741,18.28,116,1,0.0
VBIT_PLY_1742,69.85,704,28,0.0
VBIT_PLY_1743,13.13,140,3,0.0
VBIT_PLY_1744,11.65,91,3,0.0
VBIT_PLY_1745,14.15,85,4,0.0
VBIT_PLY_1746,16.57,156,3,0.0
VBIT_PLY_1747,102.16,928,34,3.37
VBIT_PLY_1748,19.31,130,3,1.03
VBIT_PLY_1749,59.59,289,18,166.77
VBIT_PLY_1750,9.02,146,2,0.0
VBIT_PLY_1751,80.68,1036,35,1.49
VBIT_PLY_1752,4.44,10,1,0.0
VBIT_PLY_1753,48.71,851,30,15.52
VBIT_PLY_1754,15.93,132,1,1.11
VBIT_PLY_1755,27.15,94,4,0.0
VBIT_PLY_1756,18.32,98,2,0.57
VBIT_PLY_1757,27.48,104,3,0.0
VBIT_PLY_1758,62.75,282,8,139.75
VBIT_PLY_1759,13.28,140,1,0.0
VBIT_PLY_1760,73.84,956,19,0.0
VBIT_PLY_1761,18.05,100,4,0.68
VBIT_PLY_1762,18.9,118,4,2.39
VBIT_PLY_1763,52.17,552,10,176.19
VBIT_PLY_1764,79.08,719,39,5.92
VBIT_PLY_1765,108.76,734,28,5.0
VBIT_PLY_1766,48.95,367,17,137.29
VBIT_PLY_1767,40.81,422,11,105.68
VBIT_PLY_1768,107.47,775,34,4.42
VBIT_PLY_1769,16.26,93,4,0.0
VBIT_PLY_1770,14.19,88,2,0.0
VBIT_PLY_1771,113.46,554,29,8.54
VBIT_PLY_1772,11.2,128,4,0.0
VBIT_PLY_1773,19.61,137,2,0.0
VBIT_PLY_1774,20.85,124,3,2.66
VBIT_PLY_1775,16.13,103,1,0.0
VBIT_PLY_1776,14.84,128,1,0.0
VBIT_PLY_1777,19.89,60,2,0.0
VBIT_PLY_1778,66.93,1020,33,11.74
VBIT_PLY_1779,74.7,878,34,0.04
VBIT_PLY_1780,45.0,508,13,184.72
VBIT_PLY_1781,86.57,736,29,10.24
VBIT_PLY_1782,82.77,912,34,11.2
VBIT_PLY_1783,28.42,88,1,0.0
VBIT_PLY_1784,20.9,188,2,0.0
VBIT_PLY_1785,4.67,10,1,0.18
VBIT_PLY_1786,19.57,73,1,0.08
VBIT_PLY_1787,17.06,150,4,1.5
VBIT_PLY_1788,13.13,115,1,0.0
VBIT_PLY_1789,6.74,39,0,0.19
VBIT_PLY_1790,103.58,829,37,1.73
VBIT_PLY_1791,110.85,1010,33,2.39
VBIT_PLY_1792,10.11,119,2,0.0
VBIT_PLY_1793,6.56,113,2,1.92
VBIT_PLY_1794,73.78,1182,20,0.0
VBIT_PLY_1795,27.1,370,17,165.68
VBIT_PLY_1796,119.02,1121,20,2.99
VBIT_PLY_1797,18.65,113,4,0.15
VBIT_PLY_1798,15.4,99,2,0.0
VBIT_PLY_1799,13.69,94,4,0.0
VBIT_PLY_1800,19.31,124,2,2.12
VBIT_PLY_1801,15.84,134,2,4.72
VBIT_PLY_1802,63.04,431,13,270.86
VBIT_PLY_1803,38.93,329,14,215.95
VBIT_PLY_1804,70.34,607,26,4.49
VBIT_PLY_1805,80.14,952,39,5.63
VBIT_PLY_1806,5.8,22,1,0.0
VBIT_PLY_1807,81.94,660,36,12.65
VBIT_PLY_1808,14.11,79,2,0.0
VBIT_PLY_1809,7.75,132,2,0.84
VBIT_PLY_1810,11.17,120,2,0.89
VBIT_PLY_1811,61.52,247,14,249.87
VBIT_PLY_1812,101.47,658,23,7.5
VBIT_PLY_1813,17.82,124,2,2.46
VBIT_PLY_1814,8.92,113,3,0.0
VBIT_PLY_1815,106.27,1004,33,3.33
VBIT_PLY_1816,3.34,20,0,0.0
VBIT_PLY_1817,15.05,170,4,3.79
VBIT_PLY_1818,12.42,110,3,0.35
VBIT_PLY_1819,63.27,776,39,9.1
VBIT_PLY_1820,6.57,46,1,0.32
VBIT_PLY_1821,15.66,149,2,0.0
VBIT_PLY_1822,112.95,740,23,3.19
VBIT_PLY_1823,14.68,123,4,1.01
VBIT_PLY_1824,4.95,14,0,0.62
VBIT_PLY_1825,110.8,972,29,4.76
VBIT_PLY_1826,119.33,1040,33,5.23
VBIT_PLY_1827,15.26,74,3,0.0
VBIT_PLY_1828,77.91,973,15,7.17
VBIT_PLY_1829,5.95,32,1,0.0
VBIT_PLY_1830,129.37,782,37,1.66
VBIT_PLY_1831,92.08,590,35,14.42
VBIT_PLY_1832,3.84,12,1,0.92
VBIT_PLY_1833,111.16,823,29,7.6
VBIT_PLY_1834,27.85,79,1,0.0
VBIT_PLY_1835,104.32,857,23,4.46
VBIT_PLY_1836,25.51,362,15,169.51
VBIT_PLY_1837,27.21,104,1,0.0
VBIT_PLY_1838,78.89,703,23,0.0
VBIT_PLY_1839,44.52,406,15,165.6
VBIT_PLY_1840,11.64,123,3,1.71
VBIT_PLY_1841,132.41,993,18,5.26
VBIT_PLY_1842,9.72,119,2,0.45
VBIT_PLY_1843,58.56,555,10,162.45
VBIT_PLY_1844,10.28,105,4,0.0
VBIT_PLY_1845,11.25,183,2,2.66
VBIT_PLY_1846,13.06,131,3,0.14
VBIT_PLY_1847,8.53,98,1,0.0
VBIT_PLY_1848,109.97,803,27,4.46
VBIT_PLY_1849,109.99,1038,27,10.73
VBIT_PLY_1850,10.83,140,1,0.67
VBIT_PLY_1851,13.86,105,1,0.0
VBIT_PLY_1852,5.93,88,4,1.58
VBIT_PLY_1853,18.93,79,4,0.0
VBIT_PLY_1854,41.96,326,17,207.71
VBIT_PLY_1855,104.69,835,31,7.08
VBIT_PLY_1856,14.63,134,4,0.04
VBIT_PLY_1857,7.7,176,4,0.0
VBIT_PLY_1858,106.43,856,38,7.42
VBIT_PLY_1859,17.67,103,3,0.82
VBIT_PLY_1860,2.0,12,0,0.0
VBIT_PLY_1861,51.95,418,10,149.64
VBIT_PLY_1862,6.57,23,0,0.0
VBIT_PLY_1863,6.77,24,1,0.0
VBIT_PLY_1864,69.07,854,16,4.93
VBIT_PLY_1865,14.35,87,3,1.51
VBIT_PLY_1866,42.87,433,18,149.59
VBIT_PLY_1867,93.56,1071,27,11.66
VBIT_PLY_1868,13.98,174,2,1.08
VBIT_PLY_1869,109.57,1069,31,0.0
VBIT_PLY_1870,97.58,906,34,4.25
VBIT_PLY_1871,103.35,917,31,6.1
VBIT_PLY_1872,16.57,89,2,0.15
VBIT_PLY_1873,93.75,712,29,0.82
VBIT_PLY_1874,4.82,31,1,0.0
VBIT_PLY_1875,8.42,38,1,1.89
VBIT_PLY_1876,13.9,90,2,0.43
VBIT_PLY_1877,78.76,604,35,0.0
VBIT_PLY_1878,32.36,440,17,228.79
VBIT_PLY_1879,18.98,105,4,1.36
VBIT_PLY_1880,7.95,107,1,1.39
VBIT_PLY_1881,29.42,136,3,1.41
VBIT_PLY_1882,16.61,125,1,0.0
VBIT_PLY_1883,20.54,123,1,0.0
VBIT_PLY_1884,43.4,354,9,246.48
VBIT_PLY_1885,83.35,879,32,5.83
VBIT_PLY_1886,5.55,29,1,0.65
VBIT_PLY_1887,5.71,130,1,0.49
VBIT_PLY_1888,5.58,21,1,0.0
VBIT_PLY_1889,6.71,31,0,0.0
VBIT_PLY_1890,6.14,134,3,0.0
VBIT_PLY_1891,2.0,39,1,0.79
VBIT_PLY_1892,9.72,88,2,1.82
VBIT_PLY_1893,5.92,15,0,0.99
VBIT_PLY_1894,15.91,159,1,0.0
VBIT_PLY_1895,25.64,381,13,135.91
VBIT_PLY_1896,22.85,122,2,0.0
VBIT_PLY_1897,45.03,405,19,189.72
VBIT_PLY_1898,8.06,71,2,4.27
VBIT_PLY_1899,26.04,376,19,125.54
VBIT_PLY_1900,56.86,530,13,170.26
VBIT_PLY_1901,30.84,337,14,157.85
VBIT_PLY_1902,13.09,116,1,0.07
VBIT_PLY_1903,73.25,638,17,186.45
VBIT_PLY_1904,66.52,538,8,191.16
VBIT_PLY_1905,57.93,379,11,158.87
VBIT_PLY_1906,70.6,790,16,7.57
VBIT_PLY_1907,24.34,133,3,0.0
VBIT_PLY_1908,20.92,170,1,3.21
VBIT_PLY_1909,47.42,387,17,124.59
VBIT_PLY_1910,21.48,86,2,0.26
VBIT_PLY_1911,3.52,17,0,1.35
VBIT_PLY_1912,12.32,112,1,0.0
VBIT_PLY_1913,20.41,103,1,2.14
VBIT_PLY_1914,16.6,169,3,0.0
VBIT_PLY_1915,4.56,16,0,1.07
VBIT_PLY_1916,21.63,100,3,0.0
VBIT_PLY_1917,86.49,756,27,5.55
VBIT_PLY_1918,7.34,114,3,0.0
VBIT_PLY_1919,72.53,959,35,0.0
VBIT_PLY_1920,15.53,144,4,1.39
VBIT_PLY_1921,17.91,154,3,0.0
VBIT_PLY_1922,5.91,49,1,0.78
VBIT_PLY_1923,54.32,344,17,174.8
VBIT_PLY_1924,21.72,65,3,2.65
VBIT_PLY_1925,7.97,128,2,3.24
VBIT_PLY_1926,80.65,847,34,0.58
VBIT_PLY_1927,2.0,57,1,0.22
VBIT_PLY_1928,92.75,1163,30,9.8
VBIT_PLY_1929,99.25,921,17,1.4
VBIT_PLY_1930,105.67,916,28,0.0
VBIT_PLY_1931,107.28,797,36,1.14
VBIT_PLY_1932,78.06,491,30,0.0
VBIT_PLY_1933,5.77,26,0,0.0
VBIT_PLY_1934,8.96,112,3,0.0
VBIT_PLY_1935,16.28,124,4,0.0
VBIT_PLY_1936,20.58,125,4,0.0
VBIT_PLY_1937,20.41,91,3,1.21
VBIT_PLY_1938,13.16,98,3,0.0
VBIT_PLY_1939,14.86,150,1,2.02
VBIT_PLY_1940,5.71,32,0,0.0
VBIT_PLY_1941,17.92,106,4,0.0
VBIT_PLY_1942,48.84,903,35,9.08
VBIT_PLY_1943,17.97,103,1,2.66
VBIT_PLY_1944,56.22,779,35,3.77
VBIT_PLY_1945,19.31,142,1,1.02
VBIT_PLY_1946,101.94,815,20,13.22
VBIT_PLY_1947,97.21,1208,21,6.89
VBIT_PLY_1948,74.79,830,39,10.97
VBIT_PLY_1949,14.25,141,2,0.0
VBIT_PLY_1950,10.08,125,2,0.0
VBIT_PLY_1951,5.61,131,1,3.5
VBIT_PLY_1952,37.19,241,9,220.03
VBIT_PLY_1953,16.62,81,4,2.63
VBIT_PLY_1954,11.09,112,4,1.41
VBIT_PLY_1955,28.74,155,2,0.12
VBIT_PLY_1956,122.42,833,36,0.25
VBIT_PLY_1957,14.01,82,2,0.35
VBIT_PLY_1958,19.66,107,3,0.53
VBIT_PLY_1959,4.17,33,0,1.67
VBIT_PLY_1960,94.71,768,38,3.63
VBIT_PLY_1961,43.64,353,12,196.46
VBIT_PLY_1962,10.12,148,2,0.0
VBIT_PLY_1963,3.73,41,0,1.13
VBIT_PLY_1964,82.34,693,18,7.82
VBIT_PLY_1965,8.38,109,1,0.0
VBIT_PLY_1966,82.06,920,30,6.99
VBIT_PLY_1967,17.19,43,4,0.28
VBIT_PLY_1968,14.1,124,2,0.0
VBIT_PLY_1969,63.48,1140,21,0.0
VBIT_PLY_1970,53.93,341,13,145.48
VBIT_PLY_1971,6.89,89,2,0.0
VBIT_PLY_1972,60.82,381,9,191.77
VBIT_PLY_1973,123.31,946,23,0.0
VBIT_PLY_1974,10.96,90,4,0.0
VBIT_PLY_1975,83.59,781,30,0.0
VBIT_PLY_1976,5.45,45,1,0.31
VBIT_PLY_1977,68.09,1104,23,1.6
VBIT_PLY_1978,92.39,839,22,3.59
VBIT_PLY_1979,15.49,118,2,0.68
VBIT_PLY_1980,2.0,22,0,0.38
VBIT_PLY_1981,96.23,496,18,2.43
VBIT_PLY_1982,56.87,441,9,149.37
VBIT_PLY_1983,89.31,998,37,3.91
VBIT_PLY_1984,10.73,70,1,2.29
VBIT_PLY_1985,14.51,111,4,0.0
VBIT_PLY_1986,62.12,355,14,179.63
VBIT_PLY_1987,16.53,117,2,1.95
VBIT_PLY_1988,15.98,176,1,0.0
VBIT_PLY_1989,19.91,105,3,0.72
VBIT_PLY_1990,88.57,958,33,6.98
VBIT_PLY_1991,95.27,593,24,18.19
VBIT_PLY_1992,91.25,863,35,9.86
VBIT_PLY_1993,15.59,59,1,0.0
VBIT_PLY_1994,15.55,101,1,3.38
VBIT_PLY_1995,13.07,174,2,0.0
VBIT_PLY_1996,19.23,124,1,1.18
VBIT_PLY_1997,93.37,1143,34,11.22
VBIT_PLY_1998,45.46,356,11,148.28
VBIT_PLY_1999,6.37,28,1,0.0
